id,first_name,last_name,email,gender,ip_address
1,Prince,Ashbolt,pashbolt0@globo.com,Male,117.128.224.233
2,Bernita,Spellessy,bspellessy1@bloglovin.com,Female,55.169.20.108
3,Ronnie,Appleyard,rappleyard2@samsung.com,Male,117.207.209.47
4,Henrik,Roder,hroder3@symantec.com,Male,80.181.76.221
5,Ahmed,Noriega,anoriega4@shop-pro.jp,Male,77.160.74.141
6,Jill,Stenton,jstenton5@gmpg.org,Female,245.130.95.129
7,Judas,Van der Mark,jvandermark6@drupal.org,Male,252.68.203.209
8,Arin,Gorick,agorick7@webmd.com,Male,189.87.213.114
9,Maisey,Gurton,mgurton8@dailymotion.com,Female,107.228.37.47
10,Luther,Trundle,ltrundle9@cnet.com,Male,222.172.18.152
11,Garald,Everal,geverala@icq.com,Male,221.118.87.17
12,Zolly,O'Corrin,zocorrinb@webeden.co.uk,Male,250.51.239.127
13,Vallie,Wrinch,vwrinchc@boston.com,Female,209.26.215.226
14,Ulysses,Spini,uspinid@cnbc.com,Male,120.45.215.224
15,Harlene,Muckersie,hmuckersiee@oaic.gov.au,Female,124.65.73.81
16,Audie,Cloughton,acloughtonf@bloomberg.com,Female,178.171.108.255
17,Harley,Crutchfield,hcrutchfieldg@paginegialle.it,Female,207.116.47.1
18,Elmer,Oxenden,eoxendenh@accuweather.com,Male,118.72.232.217
19,Lucio,Escalera,lescalerai@ft.com,Male,34.160.122.66
20,Ailene,Domenici,adomenicij@gravatar.com,Female,134.79.54.92
21,Max,Costin,mcostink@redcross.org,Female,218.136.23.35
22,Kristo,Reilinger,kreilingerl@slideshare.net,Male,128.209.233.208
23,Adelind,Nimmo,animmom@slate.com,Female,228.164.22.35
24,Tabby,Grishkov,tgrishkovn@geocities.jp,Male,249.35.40.36
25,Darsie,Devall,ddevallo@photobucket.com,Female,45.39.84.21
26,Lynn,Benoy,lbenoyp@cbslocal.com,Male,116.228.202.59
27,Eula,Winfindale,ewinfindaleq@sun.com,Female,110.189.29.50
28,Warner,Pendrey,wpendreyr@slideshare.net,Male,114.17.39.224
29,Ianthe,Fuxman,ifuxmans@is.gd,Female,8.161.91.179
30,Molly,Fellon,mfellont@cafepress.com,Female,83.119.150.175
31,Emalia,Kingham,ekinghamu@sourceforge.net,Female,241.49.123.135
32,Zorina,Tortice,ztorticev@fotki.com,Female,30.193.78.116
33,Cathrin,Sarfas,csarfasw@nytimes.com,Female,190.158.47.229
34,Nikolas,Blything,nblythingx@weebly.com,Male,29.124.110.232
35,Hendrika,Kapelhof,hkapelhofy@dell.com,Female,187.250.69.206
36,Penny,Stegell,pstegellz@mit.edu,Male,78.15.237.76
37,Joelle,Trevains,jtrevains10@amazon.co.jp,Female,223.103.115.27
38,Elwin,Fiveash,efiveash11@google.nl,Male,163.122.98.8
39,Pollyanna,Vipan,pvipan12@tinyurl.com,Female,184.238.55.204
40,Karoly,Bakey,kbakey13@who.int,Male,249.191.49.85
41,Loni,Denisard,ldenisard14@hugedomains.com,Female,24.40.60.132
42,Rosalie,Kochl,rkochl15@dyndns.org,Female,203.153.85.54
43,Davie,Bowler,dbowler16@wix.com,Male,171.124.206.228
44,Camala,Fishbourn,cfishbourn17@vistaprint.com,Female,209.188.102.228
45,Yancey,Graham,ygraham18@fotki.com,Male,92.1.23.109
46,Madalena,Corcoran,mcorcoran19@usgs.gov,Female,123.86.12.251
47,Anastasie,Younglove,ayounglove1a@oaic.gov.au,Female,49.252.207.235
48,Ros,Petrello,rpetrello1b@merriam-webster.com,Female,215.11.80.162
49,Hadrian,Taplow,htaplow1c@baidu.com,Male,101.7.86.230
50,Obidiah,Paolone,opaolone1d@msu.edu,Male,98.239.190.30
51,Ivonne,Threadgill,ithreadgill1e@goodreads.com,Female,213.221.187.235
52,Ariel,Cowope,acowope1f@cbc.ca,Female,61.22.209.107
53,Valentina,Kabisch,vkabisch1g@zimbio.com,Female,44.164.114.166
54,Harold,Cubbini,hcubbini1h@cisco.com,Male,117.195.206.24
55,Lesley,Stonnell,lstonnell1i@hao123.com,Female,167.223.185.174
56,Kendra,Jadczak,kjadczak1j@de.vu,Female,152.237.252.162
57,Maureen,Enriquez,menriquez1k@dailymail.co.uk,Female,129.96.88.88
58,Elwood,De Hoogh,edehoogh1l@blogs.com,Male,39.9.84.195
59,Sidonia,Maken,smaken1m@barnesandnoble.com,Female,181.7.197.68
60,Anna-diane,O'Hannay,aohannay1n@nationalgeographic.com,Female,203.165.33.70
61,Virgie,De Luna,vdeluna1o@histats.com,Male,53.18.227.48
62,Jeramie,Yushkov,jyushkov1p@weebly.com,Male,100.104.195.102
63,Had,Greest,hgreest1q@icq.com,Male,98.249.140.111
64,Merilyn,Loach,mloach1r@blogger.com,Female,250.250.105.129
65,Stinky,Moens,smoens1s@reddit.com,Male,183.72.165.62
66,Annemarie,MacGillreich,amacgillreich1t@japanpost.jp,Female,80.255.168.197
67,Delainey,Gascone,dgascone1u@theguardian.com,Male,78.145.245.43
68,Natividad,Eaton,neaton1v@oracle.com,Female,0.14.21.121
69,Jaimie,Saunier,jsaunier1w@amazon.co.uk,Male,112.17.11.186
70,Kinna,Casine,kcasine1x@cdbaby.com,Female,42.26.63.96
71,Anthiathia,Kingman,akingman1y@chron.com,Female,6.156.118.135
72,Ernesta,Nevet,enevet1z@github.io,Female,71.87.253.67
73,Dulce,Comben,dcomben20@photobucket.com,Female,47.103.105.98
74,Pate,Streight,pstreight21@cloudflare.com,Male,82.176.242.29
75,Ardenia,Torricina,atorricina22@home.pl,Female,114.43.78.155
76,Agnese,Cranshaw,acranshaw23@cocolog-nifty.com,Female,13.103.85.86
77,Gilberto,Courtin,gcourtin24@ucoz.com,Male,9.27.74.240
78,Erskine,Shevels,eshevels25@google.it,Male,184.208.212.73
79,Rhodia,Goddman,rgoddman26@tiny.cc,Female,118.121.225.88
80,Gorden,Meys,gmeys27@phpbb.com,Male,87.173.11.120
81,Ruthann,MacClay,rmacclay28@altervista.org,Female,124.160.167.216
82,Darb,Champneys,dchampneys29@github.com,Male,116.232.9.38
83,Dav,Pollastrino,dpollastrino2a@marriott.com,Male,113.57.124.51
84,Goldy,Hardman,ghardman2b@etsy.com,Female,48.204.74.211
85,Philip,Hought,phought2c@mtv.com,Male,243.107.211.236
86,Mallory,Umney,mumney2d@ehow.com,Female,39.222.50.5
87,Ninon,Sailer,nsailer2e@nydailynews.com,Female,136.55.47.177
88,Farlee,McChesney,fmcchesney2f@salon.com,Male,75.239.199.31
89,Consuelo,Hemms,chemms2g@china.com.cn,Female,185.230.209.135
90,Yankee,Exell,yexell2h@hc360.com,Male,46.254.157.254
91,Xylia,Burnip,xburnip2i@wsj.com,Female,106.88.43.243
92,Zachery,Eakens,zeakens2j@ow.ly,Male,183.160.247.45
93,Jessica,Lyne,jlyne2k@nature.com,Female,183.59.230.47
94,Kelsey,Bern,kbern2l@ycombinator.com,Female,41.133.68.79
95,Julina,Portsmouth,jportsmouth2m@wsj.com,Female,100.238.10.35
96,Vivyanne,Padberry,vpadberry2n@irs.gov,Female,44.174.213.222
97,Claresta,Ionnidis,cionnidis2o@squarespace.com,Female,99.200.130.226
98,Kermie,Linskill,klinskill2p@php.net,Male,49.57.14.241
99,Dacey,Pashby,dpashby2q@t.co,Female,128.222.48.56
100,Collen,Nunan,cnunan2r@ucoz.com,Female,53.43.240.86
